{
  "noise": {
    "n": 5,
    "mean": 0.15523809523809523,
    "median": 0.13333333333333333,
    "ci95": [
      0.026666666666666665,
      0.35338095238095235
    ]
  },
  "pgd": {
    "n": 5,
    "mean": 0.46880341880341875,
    "median": 0.4444444444444444,
    "ci95": [
      0.34658119658119657,
      0.5777777777777777
    ]
  },
  "apgd": {
    "n": 60,
    "mean": 0.5286811435943777,
    "median": 0.5714285714285714,
    "ci95": [
      0.4791821721163826,
      0.5805591372759087
    ]
  },
  "targeted_tool": {
    "n": 60,
    "mean": 0.4249848299848299,
    "median": 0.44155844155844154,
    "ci95": [
      0.37589543905168904,
      0.4746604558635809
    ],
    "hit_rate": 0.0
  },
  "trajectory_drift": {
    "n": 60,
    "mean": 0.3920996593315433,
    "median": 0.4,
    "ci95": [
      0.3357177346807782,
      0.4489155094435891
    ]
  }
}