{
  "qwen_apgd": {
    "n": 5,
    "mean": 0.42727272727272725,
    "median": 0.3333333333333333,
    "min": 0.16666666666666666,
    "max": 0.6666666666666666
  },
  "llava_apgd": {
    "n": 5,
    "mean": 0.2971341748480598,
    "median": 0.21739130434782608,
    "min": 0.0,
    "max": 0.7333333333333333
  },
  "qwen_targeted": {
    "n": 5,
    "mean": 0.3472727272727273,
    "median": 0.36363636363636365,
    "min": 0.0,
    "max": 0.6
  },
  "llava_targeted": {
    "n": 5,
    "mean": 0.4749083627182099,
    "median": 0.3684210526315789,
    "min": 0.3333333333333333,
    "max": 0.9333333333333333
  },
  "qwen_drift": {
    "n": 5,
    "mean": 0.38910052910052906,
    "median": 0.42857142857142855,
    "min": 0.14285714285714285,
    "max": 0.7407407407407407
  },
  "llava_drift": {
    "n": 5,
    "mean": 0.20565217391304347,
    "median": 0.08333333333333333,
    "min": 0.0,
    "max": 0.4782608695652174
  }
}